[{"id":992530,"status":2,"title":"Blog Template","order":1,"templateKey":"blog","customTemplate":false,"customTemplateFilename":null,"pageLinks":[],"dateCreated":"2023-09-17T16:51:06.201Z","dateUpdated":"2023-09-17T16:51:12.981Z","folderId":null,"pageName":"Blog Template"},{"id":877306968,"status":2,"title":"Post Template","order":2,"templateKey":"post","customTemplate":false,"customTemplateFilename":null,"pageLinks":[],"dateCreated":"2023-09-17T16:51:06.939Z","dateUpdated":"2023-09-17T16:51:13.470Z","folderId":null,"pageName":"Post Template"},{"id":899604917,"status":2,"title":"Product List Template","order":3,"templateKey":"products","customTemplate":false,"customTemplateFilename":null,"pageLinks":[],"dateCreated":"2023-09-17T16:51:07.628Z","dateUpdated":"2023-09-17T16:51:13.624Z","folderId":null,"pageName":"Product List Template"},{"id":414527052,"status":2,"title":"Product Details Template","order":4,"templateKey":"product","customTemplate":false,"customTemplateFilename":null,"pageLinks":[],"dateCreated":"2023-09-17T16:51:08.393Z","dateUpdated":"2023-09-17T16:51:13.750Z","folderId":null,"pageName":"Product Details Template"},{"id":702328363,"status":2,"title":"Shopping Cart Template","order":5,"templateKey":"cart","customTemplate":false,"customTemplateFilename":null,"pageLinks":[],"dateCreated":"2023-09-17T16:51:09.228Z","dateUpdated":"2023-09-17T16:51:13.871Z","folderId":null,"pageName":"Shopping Cart Template"},{"id":23057955,"status":2,"title":"Checkout Template","order":6,"templateKey":"checkout","customTemplate":false,"customTemplateFilename":null,"pageLinks":[],"dateCreated":"2023-09-17T16:51:10.159Z","dateUpdated":"2023-09-17T16:51:13.989Z","folderId":null,"pageName":"Checkout Template"},{"id":322201634,"status":2,"title":"Login Template","order":7,"templateKey":"login","customTemplate":false,"customTemplateFilename":null,"pageLinks":[],"dateCreated":"2023-09-17T16:51:10.667Z","dateUpdated":"2023-09-17T16:51:14.080Z","folderId":null,"pageName":"Login Template"},{"id":14521365,"status":2,"title":"Page Password Template","order":8,"templateKey":"password","customTemplate":false,"customTemplateFilename":null,"pageLinks":[],"dateCreated":"2023-09-17T16:51:11.038Z","dateUpdated":"2023-09-17T16:51:14.245Z","folderId":null,"pageName":"Page Password Template"},{"id":48082218,"status":2,"title":"404 Not Found Template","order":9,"templateKey":"404","customTemplate":false,"customTemplateFilename":null,"pageLinks":[],"dateCreated":"2023-09-17T16:51:11.367Z","dateUpdated":"2023-09-17T16:51:14.396Z","folderId":null,"pageName":"404 Not Found Template"},{"id":8595182,"status":2,"title":"Thank You Page Template","order":10,"templateKey":"ThankYou","customTemplate":false,"customTemplateFilename":null,"pageLinks":[],"dateCreated":"2023-09-17T16:51:11.613Z","dateUpdated":"2023-09-17T16:51:14.520Z","folderId":null,"pageName":"Thank You Page Template"},{"id":105123851,"status":2,"title":"Home","order":50,"templateKey":null,"customTemplate":false,"customTemplateFilename":null,"pageLinks":[],"dateCreated":"2023-09-17T16:54:10.874Z","dateUpdated":"2023-09-19T15:53:15.686Z","folderId":null,"pageName":"Home_105123851"},{"id":765625890,"status":2,"title":"About","order":100,"templateKey":null,"customTemplate":false,"customTemplateFilename":null,"pageLinks":[],"dateCreated":"2023-09-17T16:51:11.834Z","dateUpdated":"2023-09-17T16:51:14.629Z","folderId":null,"pageName":"About_765625890"},{"id":244705959,"status":2,"title":"Contact","order":101,"templateKey":null,"customTemplate":false,"customTemplateFilename":null,"pageLinks":[],"dateCreated":"2023-09-17T16:51:11.995Z","dateUpdated":"2023-09-17T16:51:14.742Z","folderId":null,"pageName":"Contact_244705959"},{"id":271346815,"status":2,"title":"Page 1","order":102,"templateKey":null,"customTemplate":false,"customTemplateFilename":null,"pageLinks":[],"dateCreated":"2023-09-17T16:54:44.788Z","dateUpdated":"2023-09-17T16:54:44.788Z","folderId":null,"pageName":"Page 1_271346815"}]
