[{"id":"user-image-default-logo.png","publicUrl":"np://user.desktop.nicepage.com/Site_246625725/images/default-logo.png","size":1804,"hash":"pVWyp9ScwghJ0IJ/x/tR7o2JZVo=","fileName":"default-logo.png","name":"default-logo","width":80,"height":40,"thumbnail":{"url":"np://user.desktop.nicepage.com/Site_246625725/images/thumbnails/default-logo.png","width":80,"height":40,"length":1804,"type":"png"},"folderId":null,"originalUrl":"//capp.nicepage.com/images/default-logo.png","usages":[]},{"id":"user-image-9628830.png","publicUrl":"np://user.desktop.nicepage.com/Site_246625725/images/9628830.png","size":2031,"hash":"WLpsbQ/ELsLcfjvW+DbstBbJy94=","fileName":"9628830.png","name":"9628830","width":128,"height":128,"thumbnail":{"url":"np://user.desktop.nicepage.com/Site_246625725/images/thumbnails/9628830.png","width":128,"height":128,"length":2031,"type":"png"},"folderId":null,"originalUrl":"https://assets.nicepagecdn.com/d2cc3eaa/378349/images/9628830.png","usages":["105123851"]},{"id":"user-image-5756.jpg","publicUrl":"np://user.desktop.nicepage.com/Site_246625725/images/5756.jpg","size":162748,"hash":"BDo3cJ3MUuW5xMQTXVvuj9g8s5w=","fileName":"5756.jpg","name":"5756","width":1134,"height":700,"thumbnail":{"url":"np://user.desktop.nicepage.com/Site_246625725/images/thumbnails/5756.jpg","width":250,"height":154},"folderId":null,"originalUrl":"https://assets.nicepagecdn.com/d2cc3eaa/378349/images/5756.jpg","usages":["105123851"]},{"id":"user-image-3177361.png","publicUrl":"np://user.desktop.nicepage.com/Site_246625725/images/3177361.png","size":2291,"hash":"SKZj09a/CHQ2wmc63GAVi35cRa0=","fileName":"3177361.png","name":"3177361","width":128,"height":128,"thumbnail":{"url":"np://user.desktop.nicepage.com/Site_246625725/images/thumbnails/3177361.png","width":128,"height":128,"length":2291,"type":"png"},"folderId":null,"originalUrl":"https://assets.nicepagecdn.com/d2cc3eaa/378349/images/3177361.png","usages":["105123851"]},{"id":"user-image-597177.png","publicUrl":"np://user.desktop.nicepage.com/Site_246625725/images/597177.png","size":2660,"hash":"0ZspmpJed2V+ls9SdzG0IOu3OBE=","fileName":"597177.png","name":"597177","width":128,"height":128,"thumbnail":{"url":"np://user.desktop.nicepage.com/Site_246625725/images/thumbnails/597177.png","width":128,"height":128,"length":2660,"type":"png"},"folderId":null,"originalUrl":"https://assets.nicepagecdn.com/d2cc3eaa/378349/images/597177.png","usages":["105123851"]},{"id":"user-image-ser-min.jpg","publicUrl":"np://user.desktop.nicepage.com/Site_246625725/images/ser-min.jpg","size":121435,"hash":"hBa+8s4aWG4fJ8K8wzlthZV7pTk=","fileName":"ser-min.jpg","name":"ser-min","width":900,"height":846,"thumbnail":{"url":"np://user.desktop.nicepage.com/Site_246625725/images/thumbnails/ser-min.jpg","width":250,"height":235},"folderId":null,"originalUrl":"//images01.nicepagecdn.com/c461c07a441a5d220e8feb1a/115d767478b15326993637f0/ser-min.jpg","usages":["105123851"]},{"id":"user-image-rtyr5y.jpg","publicUrl":"np://user.desktop.nicepage.com/Site_246625725/images/rtyr5y.jpg","size":219132,"hash":"wIFrJUy2pfoLZmf5DqU8NkIbF0c=","fileName":"rtyr5y.jpg","name":"rtyr5y","width":1166,"height":835,"thumbnail":{"url":"np://user.desktop.nicepage.com/Site_246625725/images/thumbnails/rtyr5y.jpg","width":250,"height":179},"folderId":null,"originalUrl":"https://assets.nicepagecdn.com/d2cc3eaa/378349/images/rtyr5y.jpg","usages":["105123851"]},{"id":"user-image-new.jpg","publicUrl":"np://user.desktop.nicepage.com/Site_246625725/images/new.jpg","size":92336,"hash":"K1CJY6ALoN4CtbgVrWdy4pHB5qA=","fileName":"new.jpg","name":"new","width":1004,"height":696,"thumbnail":{"url":"np://user.desktop.nicepage.com/Site_246625725/images/thumbnails/new.jpg","width":250,"height":173},"folderId":null,"originalUrl":"https://assets.nicepagecdn.com/d2cc3eaa/378349/images/new.jpg","usages":["105123851"]},{"id":"user-image-6756777.jpg","publicUrl":"np://user.desktop.nicepage.com/Site_246625725/images/6756777.jpg","size":606384,"hash":"2shadxfMP0BBlI259crIv3Sszu0=","fileName":"6756777.jpg","name":"6756777","width":1753,"height":1314,"thumbnail":{"url":"np://user.desktop.nicepage.com/Site_246625725/images/thumbnails/6756777.jpg","width":250,"height":187},"folderId":null,"originalUrl":"https://assets.nicepagecdn.com/d2cc3eaa/378349/images/6756777.jpg","usages":["105123851"]},{"id":"user-image-56756.jpg","publicUrl":"np://user.desktop.nicepage.com/Site_246625725/images/56756.jpg","size":114447,"hash":"+2ge5VYyW9Lt89h1+Y728KaQyUU=","fileName":"56756.jpg","name":"56756","width":900,"height":600,"thumbnail":{"url":"np://user.desktop.nicepage.com/Site_246625725/images/thumbnails/56756.jpg","width":250,"height":167},"folderId":null,"originalUrl":"https://assets.nicepagecdn.com/d2cc3eaa/378349/images/56756.jpg","usages":["105123851"]},{"id":"user-image-45.jpg","publicUrl":"np://user.desktop.nicepage.com/Site_246625725/images/45.jpg","size":228345,"hash":"sOiRXhbDaFEhx4ju6F7kx4c0ZLA=","fileName":"45.jpg","name":"45","width":1380,"height":920,"thumbnail":{"url":"np://user.desktop.nicepage.com/Site_246625725/images/thumbnails/45.jpg","width":250,"height":167},"folderId":null,"originalUrl":"https://assets.nicepagecdn.com/d2cc3eaa/378349/images/45.jpg","usages":["105123851"]},{"id":"user-image-Untitled-2t.jpg","publicUrl":"np://user.desktop.nicepage.com/Site_246625725/images/Untitled-2t.jpg","size":97789,"hash":"OWsz1C8Uc0Z66x0WjsLgRN5onPw=","fileName":"Untitled-2t.jpg","name":"Untitled-2t","width":800,"height":533,"thumbnail":{"url":"np://user.desktop.nicepage.com/Site_246625725/images/thumbnails/Untitled-2t.jpg","width":250,"height":167},"folderId":null,"originalUrl":"https://assets.nicepagecdn.com/d2cc3eaa/378349/images/Untitled-2t.jpg","usages":["105123851"]},{"id":"user-image-678999.jpg","publicUrl":"np://user.desktop.nicepage.com/Site_246625725/images/678999.jpg","size":241539,"hash":"9iQazon57Zt475aL1MQZiF4fEDc=","fileName":"678999.jpg","name":"678999","width":1358,"height":907,"thumbnail":{"url":"np://user.desktop.nicepage.com/Site_246625725/images/thumbnails/678999.jpg","width":250,"height":167},"folderId":null,"originalUrl":"https://assets.nicepagecdn.com/d2cc3eaa/378349/images/678999.jpg","usages":["105123851"]},{"id":"user-image-78678.jpg","publicUrl":"np://user.desktop.nicepage.com/Site_246625725/images/78678.jpg","size":152413,"hash":"HqMvjMrFZkt+5g5CxieX0u90FLA=","fileName":"78678.jpg","name":"78678","width":900,"height":606,"thumbnail":{"url":"np://user.desktop.nicepage.com/Site_246625725/images/thumbnails/78678.jpg","width":250,"height":168},"folderId":null,"originalUrl":"https://assets.nicepagecdn.com/d2cc3eaa/378349/images/78678.jpg","usages":["105123851"]},{"id":"user-image-businessman-black-suit-.jpg","publicUrl":"np://user.desktop.nicepage.com/Site_246625725/images/businessman-black-suit-.jpg","size":205620,"hash":"9fvuQNrQLrMoLpm/03uhhrodlzU=","fileName":"businessman-black-suit-.jpg","name":"businessman-black-suit-","width":1500,"height":1290,"thumbnail":{"url":"np://user.desktop.nicepage.com/Site_246625725/images/thumbnails/businessman-black-suit-.jpg","width":250,"height":215},"folderId":null,"originalUrl":"https://assets.nicepagecdn.com/d2cc3eaa/378349/images/businessman-black-suit-.jpg","usages":["105123851"]},{"id":"user-image-67588969.jpg","publicUrl":"np://user.desktop.nicepage.com/Site_246625725/images/67588969.jpg","size":90856,"hash":"PuKh4zxc56t5BEWqm4skHi16+0A=","fileName":"67588969.jpg","name":"67588969","width":795,"height":628,"thumbnail":{"url":"np://user.desktop.nicepage.com/Site_246625725/images/thumbnails/67588969.jpg","width":250,"height":197},"folderId":null,"originalUrl":"https://assets.nicepagecdn.com/d2cc3eaa/378349/images/67588969.jpg","usages":["105123851"]},{"id":"user-image-bg5.jpg","publicUrl":"np://user.desktop.nicepage.com/Site_246625725/images/bg5.jpg","size":23199,"hash":"/KssLfOjVTZT41PFOVfgvKHCxPo=","fileName":"bg5.jpg","name":"bg5","width":1500,"height":1290,"thumbnail":{"url":"np://user.desktop.nicepage.com/Site_246625725/images/thumbnails/bg5.jpg","width":250,"height":215},"folderId":null,"originalUrl":"https://assets.nicepagecdn.com/d2cc3eaa/378349/images/bg5.jpg","usages":["105123851"]}]
